{"_timestamp":1.7313819395578964e+09,"select_layer2-top-1":66.923,"select_layer1-top-1":43.885,"_wandb":{"runtime":2960},"drop_layer2-top-1":16.725,"layer3-top-1":100,"best_acc":100,"best_epoch":20,"layer1-top-1":86.842,"select_layer1-top-3":68.441,"select_layer3-top-1":97.857,"layer4-top-1":100,"drop_layer4-top-3":96.429,"drop_layer3-top-3":74.219,"select_layer4-top-1":99.712,"layer3-top-3":100,"drop_layer2-top-3":40.019,"drop_layer3-top-1":57.319,"highest-2":88.816,"combiner-top-1":100,"combiner-top-3":100,"drop_layer1-top-1":11.922,"highest-5":100,"layer4-top-3":100,"layer2-top-1":90.789,"layer1-top-3":100,"_step":2,"drop_layer4-top-1":91.97,"layer2-top-3":99.342,"select_layer4-top-3":100,"select_layer3-top-3":99.892,"drop_layer1-top-3":29.518,"highest-1":87.5,"highest-4":100,"select_layer2-top-3":86.313,"highest-3":100,"_runtime":2944.789603979,"best_eval_name":"highest-5"}